Las Vegas,Boise State,,,,,,,,,
,Washington,,,,,,,,,
New Orleans,Alabama-Birmingham,,,,,,,,,
,Appalachian State,,,,,,,,,
Gasparilla,Marshall,,,,,,,,,
,Central Florida,,,,,,,,,
Hawaii,BYU,,,,,,,,,
,Hawaii,,,,,,,,,
Independence,Miami (FL),,,,,,,,,
,Louisiana Tech,,,,,,,,,
Quick Lane,Eastern Michigan,,,,,,,,,
,Pittsburgh,,,,,,,,,
Military,North Carolina,,,,,,,,,
,Temple,,,,,,,,,
Pinstripe,Wake Forest,,,,,,,,,
,Michigan State,,,,,,,,,
Texas,Oklahoma State,,,,,,,,,
,Texas A&M,,,,,,,,,
Holiday,Iowa,,,,,,,,,
,Southern California,,,,,,,,,
Cheez-It,Air Force,,,,,,,,,
,Washington State,,,,,,,,,
Camping World,Notre Dame,,,,,,,,,
,Iowa State,,,,,,,,,
Cotton,Penn State,,,,,,,,,
,Memphis,,,,,,,,,
Peach,LSU,,,,,,,,,
,Oklahoma,,,,,,,,,
Fiesta,Ohio State,,,,,,,,,
,Clemson,,,,,,,,,
First Responder,Western Michigan,,,,,,,,,
,Western Kentucky,,,,,,,,,
Redbox,Illinois,,,,,,,,,
,California,,,,,,,,,
Music City,Louisville,,,,,,,,,
,Mississippi State,,,,,,,,,
Orange,Virginia,,,,,,,,,
,Florida,,,,,,,,,
Belk,Virginia Tech,,,,,,,,,
,Kentucky,,,,,,,,,
Sun,Florida State,,,,,,,,,
,Arizona State,,,,,,,,,
Liberty,Kansas State,,,,,,,,,
,Navy,,,,,,,,,
Arizona,Wyoming,,,,,,,,,
,Georgia State,,,,,,,,,
Alamo,Utah,,,,,,,,,
,Texas,,,,,,,,,
Citrus,Alabama,,,,,,,,,
,Michigan,,,,,,,,,
Outback,Minnesota,,,,,,,,,
,Auburn,,,,,,,,,
Rose,Wisconsin,,,,,,,,,
,Oregon,,,,,,,,,
Sugar,Baylor,,,,,,,,,
,Georgia,,,,,,,,,
Birmingham,Boston College,,,,,,,,,
,Cincinnati,,,,,,,,,
Gator,Indiana,,,,,,,,,
,Tennessee,,,,,,,,,
,,,,,,,,,,
,,,,,,,,,,
,,,,,,,,,,
,,,,,,,,,,
,,,,,,,,,,
,,,,,,,,,,
,,,,,,,,,,
,,,,,,,,,,
,,,,,,,,,,
,,,,,,,,,,
,,,,,,,,,,
,,,,,,,,,,
,,,,,,,,,,
,,,,,,,,,,
,,,,,,,,,,
